{
	"version": 6,
	"__comment_enableBridgingAssist": "a.k.a. 'Reacharound Placement' in keybinds. The Quark thing.",
	"enableBridgingAssist": false,
	"minBridgeDistance": 20.0,
	"minBridgeDistanceHorizontal": 1.0,
	"minBridgeDistanceVertical": 0.1,
	"onlyBridgeWhenCrouched": false,
	"supportedBridgeAxes": "BOTH",
	"supportedBridgeAxesWhenCrouched": "FALLBACK",
	"delayPostBridging": 4,
	"showCrosshair": true,
	"showOutline": false,
	"showOutlineEvenWhenNotBridging": false,
	"nonBridgeRespectsCrouchRules": true,
	"outlineColour": 1711276032,
	"skipTorchBridging": true,
	"enableSlabAssist": true,
	"enableNonSolidReplace": true,
	"bridgingSnapStrength": 1.0,
	"bridgingAdjacency": "CORNERS",
	"perspectiveLock": "LET_BRIDGING_MOD_DECIDE",
	"showDebugHighlight": true,
	"showNonBridgingDebugHighlight": false,
	"showDebugTrace": false
}